INSERT INTO MEMBER_ROLE (ROLE_SEQ, ROLE_NAME) values (1 , 'ROLE_USER');
INSERT INTO MEMBER_ROLE (ROLE_SEQ, ROLE_NAME) values (2 , 'ROLE_ADMIN');

INSERT INTO MEMBER (MEMBER_SEQ , MEMBER_ID, PASSWORD, EMAIL) VALUES (1, 'aa', '{bcrypt}$2a$10$Qk9EHP01qU3hMxx4589HheXHYgc1du6mJUyLJo4tb.BsYi2SahSuG', 'a@a.com')
INSERT INTO MEMBER (MEMBER_SEQ , MEMBER_ID, PASSWORD, EMAIL) VALUES (2, 'bb', '{bcrypt}$2a$10$Qk9EHP01qU3hMxx4589HheXHYgc1du6mJUyLJo4tb.BsYi2SahSuG', 'b@b.com')
INSERT INTO MEMBER (MEMBER_SEQ , MEMBER_ID, PASSWORD, EMAIL) VALUES (3, 'cc', '{bcrypt}$2a$10$Qk9EHP01qU3hMxx4589HheXHYgc1du6mJUyLJo4tb.BsYi2SahSuG', 'c@c.com')

insert into member_member_role(MEMBER_SEQ, ROLE_SEQ) values (1, 1);
insert into member_member_role(MEMBER_SEQ, ROLE_SEQ) values (1, 2);
insert into member_member_role(MEMBER_SEQ, ROLE_SEQ) values (2, 1);

insert into board_category(category_seq, name) values (1, '강서');
insert into board_category(category_seq, name) values (2, '양천');
insert into board_category(category_seq, name) values (3, '영등포');


INSERT INTO BOARD (BOARD_SEQ , TITLE, LOCATION, IMG , DESCRIPTION, REPORTING_DATE, MEMBER_SEQ, READ_COUNT, CATEGORY_SEQ, UPDATE_DATE, LIKE_COUNT) VALUES (1, '가게1', '서울', 'img' , '설명1', CURRENT_TIMESTAMP, 1, 0, 1, now(), 5)

INSERT INTO BOARD (BOARD_SEQ , TITLE, LOCATION, IMG , DESCRIPTION, REPORTING_DATE, MEMBER_SEQ, READ_COUNT, CATEGORY_SEQ, UPDATE_DATE, LIKE_COUNT) VALUES (2, '가게2', '부산', 'img' , '설명2', CURRENT_TIMESTAMP, 1, 1, 2, now(), 5)

INSERT INTO BOARD (BOARD_SEQ , TITLE, LOCATION, IMG , DESCRIPTION, REPORTING_DATE, MEMBER_SEQ, READ_COUNT, CATEGORY_SEQ, UPDATE_DATE, LIKE_COUNT) VALUES (3, '가게3', '대구', 'img' , '설명3', CURRENT_TIMESTAMP, 1, 1, 2, now(), 5)

INSERT INTO BOARD (BOARD_SEQ , TITLE, LOCATION, IMG , DESCRIPTION, REPORTING_DATE, MEMBER_SEQ, READ_COUNT, CATEGORY_SEQ, UPDATE_DATE, LIKE_COUNT) VALUES (4, '가게4', '대전', 'img' , '설명4', CURRENT_TIMESTAMP, 2, 2, 2, now(), 5)

INSERT INTO BOARD (BOARD_SEQ , TITLE, LOCATION, IMG , DESCRIPTION, REPORTING_DATE, MEMBER_SEQ, READ_COUNT, CATEGORY_SEQ, UPDATE_DATE, LIKE_COUNT) VALUES (5, '가게5', '부산', 'img' , '설명5', CURRENT_TIMESTAMP, 2, 2, 2, now(), 5)


INSERT INTO BOARD (BOARD_SEQ , TITLE, LOCATION, IMG , DESCRIPTION, REPORTING_DATE, MEMBER_SEQ, READ_COUNT, CATEGORY_SEQ, UPDATE_DATE, LIKE_COUNT) VALUES (6, '가게6', '제주', 'img' , '설명6', CURRENT_TIMESTAMP, 2, 2, 2, now(), 5)

